{"cameraMode":{"drawMode":0,"name":"Shaded","section":"Shading Mode"},"sceneLighting":false,"audioPlay":false,"sceneViewState":{"m_AlwaysRefresh":false,"showFog":true,"showSkybox":false,"showFlares":true,"showImageEffects":true,"showParticleSystems":true,"showVisualEffectGraphs":true,"m_FxEnabled":true},"in2DMode":false,"pivot":{"x":0.00245482474565506,"y":0.045116350054740909,"z":-0.006692949682474136},"rotation":{"x":-0.18215884268283845,"y":0.7678943872451782,"z":-0.24920740723609925,"w":-0.561294674873352},"size":0.08033949136734009,"orthographic":false}